{
    "vertices":[-1.73869,3.71429,1.73869,-1.73869,3.71429,-1.73869,1.73869,3.71429,-1.73869,1.73869,3.71429,1.73869,-1.73869,0.236909,1.73869,-1.73869,0.236908,-1.73869,1.73869,0.236908,-1.73869,1.73869,0.236909,1.73869],
    "metadata":{
        "type":"Geometry",
        "materials":1,
        "uvs":0,
        "generator":"io_three",
        "vertices":8,
        "faces":6,
        "version":3,
        "normals":6
    },
    "materials":[{
        "colorEmissive":[0,0,0],
        "shading":"phong",
        "wireframe":false,
        "specularCoef":50,
        "transparent":true,
        "doubleSided":false,
        "colorSpecular":[0.5,0.5,0.5],
        "blending":"NormalBlending",
        "opacity":0,
        "depthWrite":true,
        "DbgName":"Material",
        "colorDiffuse":[0.64,0.64,0.64],
        "DbgIndex":0,
        "visible":true,
        "DbgColor":15658734,
        "depthTest":true
    }],
    "faces":[35,0,1,2,3,0,0,0,0,0,35,4,7,6,5,0,1,1,1,1,35,0,4,5,1,0,2,2,2,2,35,1,5,6,2,0,3,3,3,3,35,2,6,7,3,0,4,4,4,4,35,4,0,3,7,0,5,5,5,5],
    "uvs":[],
    "normals":[-2.35042e-14,-1,1.37125e-07,2.8205e-14,1,-6.85626e-08,1,5.14219e-08,2.91391e-07,-2.91391e-07,-5.1422e-08,1,-1,-1.19985e-07,-2.22829e-07,2.39969e-07,1.37125e-07,-1]
}